Stat One, Stat Two, Stat Three, R2, RMSE
MP,,,-0.06052,0.47921
FG,,,-0.01334,0.46843
FGA,,,-0.00325,0.46609
FG%,,,-0.01042,0.46775
3P,,,0.00976,0.46306
3PA,,,-0.01976,0.46991
3P%,,,0.01330,0.46223
FT,,,-0.00668,0.46689
FTA,,,-0.00442,0.46636
FT%,,,-0.00095,0.46556
ORB,,,0.00025,0.46528
DRB,,,0.06696,0.44949
TRB,,,0.04708,0.45425
AST,,,0.01322,0.46225
STL,,,0.02391,0.45974
BLK,,,0.02006,0.46064
TOV,,,-0.04504,0.47570
PF,,,0.00385,0.46444
PTS,,,-0.00513,0.46653
GmSc,,,0.02373,0.45978
MP,FG,,-0.08402,0.48449
MP,FGA,,-0.05559,0.47809
MP,FG%,,-0.04709,0.47617
MP,3P,,-0.05431,0.47780
MP,3PA,,-0.05561,0.47810
MP,3P%,,-0.05135,0.47713
MP,FT,,-0.08312,0.48429
MP,FTA,,-0.08208,0.48406
MP,FT%,,-0.05950,0.47898
MP,ORB,,-0.05944,0.47897
MP,DRB,,0.00401,0.46440
MP,TRB,,-0.00818,0.46724
MP,AST,,-0.04382,0.47542
MP,STL,,-0.01557,0.46895
MP,BLK,,-0.03196,0.47271
MP,TOV,,-0.09765,0.48753
MP,PF,,-0.05526,0.47802
MP,PTS,,-0.08343,0.48436
MP,GmSc,,-0.03228,0.47279
FG,FGA,,-0.01359,0.46849
FG,FG%,,-0.00136,0.46565
FG,3P,,-0.01558,0.46895
FG,3PA,,-0.05873,0.47881
FG,3P%,,0.00270,0.46471
FG,FT,,-0.01440,0.46867
FG,FTA,,-0.01416,0.46862
FG,FT%,,-0.00820,0.46724
FG,ORB,,-0.01288,0.46832
FG,DRB,,0.04803,0.45402
FG,TRB,,0.02796,0.45878
FG,AST,,-0.00186,0.46577
FG,STL,,0.00882,0.46328
FG,BLK,,0.00386,0.46444
FG,TOV,,-0.05621,0.47824
FG,PF,,-0.00944,0.46753
FG,PTS,,-0.00597,0.46672
FG,GmSc,,0.07914,0.44654
FGA,FG%,,-0.00344,0.46614
FGA,3P,,0.01469,0.46191
FGA,3PA,,-0.01167,0.46804
FGA,3P%,,0.01045,0.46290
FGA,FT,,-0.01344,0.46845
FGA,FTA,,-0.01075,0.46783
FGA,FT%,,-0.00371,0.46620
FGA,ORB,,-0.00235,0.46588
FGA,DRB,,0.07311,0.44800
FGA,TRB,,0.05787,0.45167
FGA,AST,,0.01631,0.46153
FGA,STL,,0.03022,0.45825
FGA,BLK,,0.02341,0.45986
FGA,TOV,,-0.05238,0.47737
FGA,PF,,0.00184,0.46491
FGA,PTS,,0.00747,0.46359
FGA,GmSc,,0.05681,0.45192
FG%,3P,,-0.01945,0.46984
FG%,3PA,,-0.02586,0.47131
FG%,3P%,,-0.00869,0.46735
FG%,FT,,-0.01189,0.46809
FG%,FTA,,-0.01442,0.46868
FG%,FT%,,-0.00044,0.46544
FG%,ORB,,-0.00988,0.46763
FG%,DRB,,0.04396,0.45499
FG%,TRB,,0.03244,0.45773
FG%,AST,,0.00882,0.46328
FG%,STL,,0.01629,0.46153
FG%,BLK,,0.00544,0.46407
FG%,TOV,,-0.06812,0.48092
FG%,PF,,-0.00755,0.46709
FG%,PTS,,-0.00928,0.46749
FG%,GmSc,,0.00796,0.46348
3P,3PA,,0.03542,0.45702
3P,3P%,,-0.00016,0.46537
3P,FT,,0.00769,0.46354
3P,FTA,,0.00815,0.46344
3P,FT%,,0.01220,0.46249
3P,ORB,,0.01118,0.46273
3P,DRB,,0.07656,0.44717
3P,TRB,,0.05767,0.45172
3P,AST,,0.02211,0.46016
3P,STL,,0.03783,0.45645
3P,BLK,,0.03140,0.45797
3P,TOV,,-0.03268,0.47288
3P,PF,,0.01612,0.46157
3P,PTS,,-0.01562,0.46896
3P,GmSc,,-0.01689,0.46925
3PA,3P%,,-0.00306,0.46605
3PA,FT,,-0.03702,0.47387
3PA,FTA,,-0.03167,0.47265
3PA,FT%,,-0.01664,0.46919
3PA,ORB,,-0.01480,0.46877
3PA,DRB,,0.05932,0.45132
3PA,TRB,,0.03431,0.45728
3PA,AST,,0.00112,0.46508
3PA,STL,,-0.00027,0.46540
3PA,BLK,,0.00204,0.46486
3PA,TOV,,-0.06071,0.47925
3PA,PF,,-0.01160,0.46803
3PA,PTS,,-0.07114,0.48160
3PA,GmSc,,-0.05209,0.47730
3P%,FT,,0.01077,0.46282
3P%,FTA,,0.01138,0.46268
3P%,FT%,,0.01381,0.46211
3P%,ORB,,0.01522,0.46178
3P%,DRB,,0.08509,0.44510
3P%,TRB,,0.06475,0.45002
3P%,AST,,0.02708,0.45899
3P%,STL,,0.04146,0.45559
3P%,BLK,,0.03488,0.45715
3P%,TOV,,-0.03591,0.47362
3P%,PF,,0.01870,0.46096
3P%,PTS,,0.00735,0.46362
3P%,GmSc,,0.02462,0.45957
FT,FTA,,0.00646,0.46383
FT,FT%,,-0.00379,0.46622
FT,ORB,,-0.00350,0.46615
FT,DRB,,0.06433,0.45012
FT,TRB,,0.04197,0.45547
FT,AST,,0.00814,0.46344
FT,STL,,0.01614,0.46157
FT,BLK,,0.01401,0.46206
FT,TOV,,-0.05106,0.47707
FT,PF,,0.00040,0.46524
FT,PTS,,-0.00506,0.46651
FT,GmSc,,0.01798,0.46113
FTA,FT%,,-0.00296,0.46602
FTA,ORB,,-0.00228,0.46587
FTA,DRB,,0.06569,0.44979
FTA,TRB,,0.04518,0.45470
FTA,AST,,0.01069,0.46284
FTA,STL,,0.02049,0.46054
FTA,BLK,,0.01774,0.46119
FTA,TOV,,-0.04912,0.47663
FTA,PF,,0.00140,0.46501
FTA,PTS,,-0.00447,0.46638
FTA,GmSc,,0.02104,0.46041
FT%,ORB,,0.00213,0.46484
FT%,DRB,,0.07337,0.44794
FT%,TRB,,0.05157,0.45318
FT%,AST,,0.01306,0.46229
FT%,STL,,0.02368,0.45979
FT%,BLK,,0.02094,0.46044
FT%,TOV,,-0.04128,0.47484
FT%,PF,,0.00363,0.46449
FT%,PTS,,-0.00080,0.46552
FT%,GmSc,,0.02718,0.45897
ORB,DRB,,0.06795,0.44925
ORB,TRB,,0.06795,0.44925
ORB,AST,,0.01370,0.46214
ORB,STL,,0.02817,0.45874
ORB,BLK,,0.02400,0.45972
ORB,TOV,,-0.04187,0.47498
ORB,PF,,0.00515,0.46414
ORB,PTS,,-0.00299,0.46603
ORB,GmSc,,0.02841,0.45868
DRB,TRB,,0.06795,0.44925
DRB,AST,,0.05582,0.45216
DRB,STL,,0.09339,0.44308
DRB,BLK,,0.08361,0.44546
DRB,TOV,,0.03922,0.45612
DRB,PF,,0.07122,0.44846
DRB,PTS,,0.05713,0.45185
DRB,GmSc,,0.05142,0.45321
TRB,AST,,0.04106,0.45568
TRB,STL,,0.07075,0.44857
TRB,BLK,,0.06313,0.45041
TRB,TOV,,0.01517,0.46179
TRB,PF,,0.05338,0.45275
TRB,PTS,,0.03530,0.45705
TRB,GmSc,,0.02786,0.45881
AST,STL,,0.04045,0.45583
AST,BLK,,0.03375,0.45742
AST,TOV,,-0.01966,0.46989
AST,PF,,0.02489,0.45951
AST,PTS,,0.00659,0.46380
AST,GmSc,,0.03344,0.45749
STL,BLK,,0.04144,0.45559
STL,TOV,,-0.01837,0.46959
STL,PF,,0.03179,0.45788
STL,PTS,,0.01488,0.46186
STL,GmSc,,0.02827,0.45871
BLK,TOV,,-0.02723,0.47163
BLK,PF,,0.02516,0.45945
BLK,PTS,,0.01139,0.46268
BLK,GmSc,,0.02576,0.45930
TOV,PF,,-0.03789,0.47407
TOV,PTS,,-0.04900,0.47660
TOV,GmSc,,-0.00676,0.46691
PF,PTS,,0.00096,0.46511
PF,GmSc,,0.03027,0.45824
PTS,GmSc,,0.08810,0.44437
MP,FG,FGA,-0.04899,0.47660
MP,FG,FG%,-0.04075,0.47472
MP,FG,3P,-0.08772,0.48532
MP,FG,3PA,-0.08508,0.48473
MP,FG,3P%,-0.07539,0.48256
MP,FG,FT,-0.09218,0.48631
MP,FG,FTA,-0.09715,0.48742
MP,FG,FT%,-0.07549,0.48258
MP,FG,ORB,-0.08441,0.48458
MP,FG,DRB,-0.02996,0.47226
MP,FG,TRB,-0.03816,0.47413
MP,FG,AST,-0.06742,0.48077
MP,FG,STL,-0.03757,0.47400
MP,FG,BLK,-0.06116,0.47935
MP,FG,TOV,-0.12229,0.49297
MP,FG,PF,-0.08246,0.48414
MP,FG,PTS,-0.08219,0.48408
MP,FG,GmSc,0.00575,0.46400
MP,FGA,FG%,-0.03907,0.47434
MP,FGA,3P,-0.04383,0.47542
MP,FGA,3PA,-0.05600,0.47819
MP,FGA,3P%,-0.04470,0.47562
MP,FGA,FT,-0.08077,0.48376
MP,FGA,FTA,-0.07890,0.48335
MP,FGA,FT%,-0.05620,0.47823
MP,FGA,ORB,-0.05514,0.47799
MP,FGA,DRB,0.01067,0.46285
MP,FGA,TRB,0.00067,0.46518
MP,FGA,AST,-0.04339,0.47532
MP,FGA,STL,-0.01071,0.46782
MP,FGA,BLK,-0.02674,0.47152
MP,FGA,TOV,-0.09304,0.48650
MP,FGA,PF,-0.05014,0.47686
MP,FGA,PTS,-0.05214,0.47731
MP,FGA,GmSc,0.00180,0.46492
MP,FG%,3P,-0.04962,0.47674
MP,FG%,3PA,-0.04502,0.47570
MP,FG%,3P%,-0.04569,0.47585
MP,FG%,FT,-0.06064,0.47924
MP,FG%,FTA,-0.06614,0.48048
MP,FG%,FT%,-0.03746,0.47397
MP,FG%,ORB,-0.04770,0.47630
MP,FG%,DRB,0.00372,0.46447
MP,FG%,TRB,-0.00339,0.46612
MP,FG%,AST,-0.02636,0.47143
MP,FG%,STL,-0.00570,0.46666
MP,FG%,BLK,-0.02723,0.47163
MP,FG%,TOV,-0.09780,0.48756
MP,FG%,PF,-0.04366,0.47539
MP,FG%,PTS,-0.05840,0.47873
MP,FG%,GmSc,-0.03417,0.47322
MP,3P,3PA,0.00164,0.46496
MP,3P,3P%,-0.05418,0.47777
MP,3P,FT,-0.07140,0.48166
MP,3P,FTA,-0.07174,0.48174
MP,3P,FT%,-0.05290,0.47748
MP,3P,ORB,-0.05352,0.47763
MP,3P,DRB,0.00754,0.46358
MP,3P,TRB,-0.00322,0.46608
MP,3P,AST,-0.04122,0.47483
MP,3P,STL,-0.00586,0.46670
MP,3P,BLK,-0.02631,0.47142
MP,3P,TOV,-0.09178,0.48622
MP,3P,PF,-0.04884,0.47656
MP,3P,PTS,-0.09777,0.48755
MP,3P,GmSc,-0.04620,0.47596
MP,3PA,3P%,-0.03952,0.47444
MP,3PA,FT,-0.08821,0.48543
MP,3PA,FTA,-0.08782,0.48534
MP,3PA,FT%,-0.05472,0.47790
MP,3PA,ORB,-0.05381,0.47769
MP,3PA,DRB,0.02084,0.46046
MP,3PA,TRB,0.00329,0.46457
MP,3PA,AST,-0.02974,0.47221
MP,3PA,STL,-0.01740,0.46937
MP,3PA,BLK,-0.02709,0.47160
MP,3PA,TOV,-0.09517,0.48698
MP,3PA,PF,-0.05055,0.47695
MP,3PA,PTS,-0.09738,0.48747
MP,3PA,GmSc,-0.04035,0.47463
MP,3P%,FT,-0.07192,0.48178
MP,3P%,FTA,-0.07171,0.48173
MP,3P%,FT%,-0.05071,0.47699
MP,3P%,ORB,-0.05029,0.47689
MP,3P%,DRB,0.01548,0.46172
MP,3P%,TRB,0.00277,0.46469
MP,3P%,AST,-0.03752,0.47399
MP,3P%,STL,-0.00439,0.46636
MP,3P%,BLK,-0.02382,0.47085
MP,3P%,TOV,-0.09321,0.48654
MP,3P%,PF,-0.04564,0.47584
MP,3P%,PTS,-0.07913,0.48340
MP,3P%,GmSc,-0.03228,0.47279
MP,FT,FTA,-0.06555,0.48035
MP,FT,FT%,-0.07863,0.48329
MP,FT,ORB,-0.08136,0.48390
MP,FT,DRB,-0.01084,0.46785
MP,FT,TRB,-0.02662,0.47149
MP,FT,AST,-0.06537,0.48030
MP,FT,STL,-0.03984,0.47451
MP,FT,BLK,-0.05378,0.47768
MP,FT,TOV,-0.12162,0.49282
MP,FT,PF,-0.07714,0.48295
MP,FT,PTS,-0.08331,0.48433
MP,FT,GmSc,-0.03310,0.47297
MP,FTA,FT%,-0.07954,0.48349
MP,FTA,ORB,-0.08065,0.48374
MP,FTA,DRB,-0.01197,0.46811
MP,FTA,TRB,-0.02636,0.47143
MP,FTA,AST,-0.06473,0.48016
MP,FTA,STL,-0.03885,0.47429
MP,FTA,BLK,-0.05212,0.47731
MP,FTA,TOV,-0.12131,0.49275
MP,FTA,PF,-0.07601,0.48270
MP,FTA,PTS,-0.08361,0.48440
MP,FTA,GmSc,-0.03076,0.47244
MP,FT%,ORB,-0.05819,0.47868
MP,FT%,DRB,0.01034,0.46292
MP,FT%,TRB,-0.00409,0.46629
MP,FT%,AST,-0.04388,0.47544
MP,FT%,STL,-0.01623,0.46910
MP,FT%,BLK,-0.03055,0.47239
MP,FT%,TOV,-0.09396,0.48671
MP,FT%,PF,-0.05503,0.47797
MP,FT%,PTS,-0.07659,0.48283
MP,FT%,GmSc,-0.03029,0.47233
MP,ORB,DRB,0.00421,0.46436
MP,ORB,TRB,0.00421,0.46436
MP,ORB,AST,-0.04366,0.47539
MP,ORB,STL,-0.01386,0.46855
MP,ORB,BLK,-0.03002,0.47227
MP,ORB,TOV,-0.09582,0.48712
MP,ORB,PF,-0.05425,0.47779
MP,ORB,PTS,-0.08305,0.48427
MP,ORB,GmSc,-0.03101,0.47250
MP,DRB,TRB,0.00421,0.46436
MP,DRB,AST,-0.00284,0.46600
MP,DRB,STL,0.05541,0.45226
MP,DRB,BLK,0.02742,0.45891
MP,DRB,TOV,-0.02118,0.47024
MP,DRB,PF,0.00683,0.46374
MP,DRB,PTS,-0.02571,0.47128
MP,DRB,GmSc,-0.00082,0.46553
MP,TRB,AST,-0.00980,0.46761
MP,TRB,STL,0.04008,0.45592
MP,TRB,BLK,0.01421,0.46202
MP,TRB,TOV,-0.03773,0.47403
MP,TRB,PF,-0.00460,0.46641
MP,TRB,PTS,-0.03610,0.47366
MP,TRB,GmSc,-0.01372,0.46852
MP,AST,STL,0.00856,0.46334
MP,AST,BLK,-0.01373,0.46852
MP,AST,TOV,-0.07248,0.48190
MP,AST,PF,-0.03616,0.47368
MP,AST,PTS,-0.06583,0.48041
MP,AST,GmSc,-0.01678,0.46923
MP,STL,BLK,0.00880,0.46328
MP,STL,TOV,-0.05505,0.47797
MP,STL,PF,-0.01101,0.46789
MP,STL,PTS,-0.03684,0.47383
MP,STL,GmSc,-0.01351,0.46847
MP,BLK,TOV,-0.07502,0.48248
MP,BLK,PF,-0.02826,0.47186
MP,BLK,PTS,-0.05992,0.47907
MP,BLK,GmSc,-0.02603,0.47135
MP,TOV,PF,-0.09212,0.48630
MP,TOV,PTS,-0.12397,0.49334
MP,TOV,GmSc,-0.05384,0.47770
MP,PF,PTS,-0.08117,0.48385
MP,PF,GmSc,-0.03153,0.47262
MP,PTS,GmSc,0.03001,0.45830
FG,FGA,FG%,-0.00818,0.46724
FG,FGA,3P,-0.01576,0.46899
FG,FGA,3PA,-0.02366,0.47081
FG,FGA,3P%,-0.01055,0.46779
FG,FGA,FT,-0.01702,0.46928
FG,FGA,FTA,-0.02126,0.47026
FG,FGA,FT%,-0.00384,0.46623
FG,FGA,ORB,-0.01432,0.46866
FG,FGA,DRB,0.04912,0.45376
FG,FGA,TRB,0.04356,0.45509
FG,FGA,AST,0.01178,0.46259
FG,FGA,STL,0.02115,0.46039
FG,FGA,BLK,0.00598,0.46394
FG,FGA,TOV,-0.07927,0.48343
FG,FGA,PF,-0.01298,0.46835
FG,FGA,PTS,-0.00404,0.46628
FG,FGA,GmSc,0.05698,0.45188
FG,FG%,3P,-0.00135,0.46565
FG,FG%,3PA,-0.01548,0.46892
FG,FG%,3P%,0.00122,0.46505
FG,FG%,FT,-0.00538,0.46659
FG,FG%,FTA,-0.00803,0.46720
FG,FG%,FT%,0.00584,0.46398
FG,FG%,ORB,-0.00206,0.46582
FG,FG%,DRB,0.05917,0.45136
FG,FG%,TRB,0.05094,0.45333
FG,FG%,AST,0.01914,0.46086
FG,FG%,STL,0.03230,0.45776
FG,FG%,BLK,0.01828,0.46106
FG,FG%,TOV,-0.06312,0.47980
FG,FG%,PF,0.00060,0.46520
FG,FG%,PTS,0.00790,0.46349
FG,FG%,GmSc,0.06366,0.45028
FG,3P,3PA,0.00132,0.46503
FG,3P,3P%,-0.02748,0.47169
FG,3P,FT,-0.01596,0.46903
FG,3P,FTA,-0.01645,0.46915
FG,3P,FT%,-0.00824,0.46725
FG,3P,ORB,-0.01622,0.46909
FG,3P,DRB,0.04610,0.45448
FG,3P,TRB,0.02650,0.45913
FG,3P,AST,-0.00677,0.46691
FG,3P,STL,0.00908,0.46322
FG,3P,BLK,0.00195,0.46488
FG,3P,TOV,-0.05555,0.47809
FG,3P,PF,-0.01044,0.46776
FG,3P,PTS,-0.01596,0.46903
FG,3P,GmSc,0.05096,0.45332
FG,3PA,3P%,-0.03597,0.47363
FG,3PA,FT,-0.07423,0.48230
FG,3PA,FTA,-0.06971,0.48128
FG,3PA,FT%,-0.04890,0.47658
FG,3PA,ORB,-0.05218,0.47732
FG,3PA,DRB,0.01342,0.46220
FG,3PA,TRB,-0.01289,0.46833
FG,3PA,AST,-0.04295,0.47522
FG,3PA,STL,-0.04519,0.47573
FG,3PA,BLK,-0.04397,0.47546
FG,3PA,TOV,-0.09777,0.48755
FG,3PA,PF,-0.05099,0.47705
FG,3PA,PTS,-0.07008,0.48137
FG,3PA,GmSc,0.00685,0.46374
FG,3P%,FT,0.00317,0.46460
FG,3P%,FTA,0.00220,0.46482
FG,3P%,FT%,0.00659,0.46380
FG,3P%,ORB,0.00311,0.46461
FG,3P%,DRB,0.06862,0.44909
FG,3P%,TRB,0.04831,0.45396
FG,3P%,AST,0.01407,0.46205
FG,3P%,STL,0.02845,0.45867
FG,3P%,BLK,0.02072,0.46049
FG,3P%,TOV,-0.04479,0.47564
FG,3P%,PF,0.00647,0.46383
FG,3P%,PTS,0.00625,0.46388
FG,3P%,GmSc,0.08003,0.44633
FG,FT,FTA,-0.00122,0.46562
FG,FT,FT%,-0.00915,0.46746
FG,FT,ORB,-0.01237,0.46820
FG,FT,DRB,0.04853,0.45390
FG,FT,TRB,0.02617,0.45921
FG,FT,AST,-0.00256,0.46593
FG,FT,STL,0.00505,0.46416
FG,FT,BLK,0.00188,0.46490
FG,FT,TOV,-0.05806,0.47865
FG,FT,PF,-0.00855,0.46732
FG,FT,PTS,-0.01596,0.46903
FG,FT,GmSc,0.09748,0.44207
FG,FTA,FT%,-0.00870,0.46736
FG,FTA,ORB,-0.01352,0.46847
FG,FTA,DRB,0.04778,0.45408
FG,FTA,TRB,0.02735,0.45893
FG,FTA,AST,-0.00248,0.46591
FG,FTA,STL,0.00747,0.46359
FG,FTA,BLK,0.00324,0.46458
FG,FTA,TOV,-0.05785,0.47861
FG,FTA,PF,-0.00983,0.46762
FG,FTA,PTS,0.01272,0.46237
FG,FTA,GmSc,0.09855,0.44181
FG,FT%,ORB,-0.00579,0.46668
FG,FT%,DRB,0.05824,0.45158
FG,FT%,TRB,0.03630,0.45681
FG,FT%,AST,0.00265,0.46472
FG,FT%,STL,0.01197,0.46254
FG,FT%,BLK,0.00882,0.46328
FG,FT%,TOV,-0.04798,0.47637
FG,FT%,PF,-0.00528,0.46656
FG,FT%,PTS,-0.00550,0.46661
FG,FT%,GmSc,0.07942,0.44648
FG,ORB,DRB,0.04644,0.45440
FG,ORB,TRB,0.04644,0.45440
FG,ORB,AST,-0.00406,0.46628
FG,ORB,STL,0.01160,0.46263
FG,ORB,BLK,0.00615,0.46390
FG,ORB,TOV,-0.05398,0.47773
FG,ORB,PF,-0.01009,0.46768
FG,ORB,PTS,-0.00429,0.46633
FG,ORB,GmSc,0.08881,0.44419
FG,DRB,TRB,0.04644,0.45440
FG,DRB,AST,0.03328,0.45753
FG,DRB,STL,0.07177,0.44833
FG,DRB,BLK,0.06123,0.45086
FG,DRB,TOV,0.01986,0.46069
FG,DRB,PF,0.04991,0.45358
FG,DRB,PTS,0.05610,0.45210
FG,DRB,GmSc,0.09613,0.44240
FG,TRB,AST,0.01768,0.46120
FG,TRB,STL,0.04937,0.45370
FG,TRB,BLK,0.04077,0.45575
FG,TRB,TOV,-0.00418,0.46631
FG,TRB,PF,0.03218,0.45779
FG,TRB,PTS,0.03454,0.45723
FG,TRB,GmSc,0.07470,0.44762
FG,AST,STL,0.02148,0.46031
FG,AST,BLK,0.01421,0.46202
FG,AST,TOV,-0.03376,0.47313
FG,AST,PF,0.00887,0.46327
FG,AST,PTS,0.00513,0.46414
FG,AST,GmSc,0.08029,0.44626
FG,STL,BLK,0.02281,0.46000
FG,STL,TOV,-0.03335,0.47303
FG,STL,PF,0.01463,0.46192
FG,STL,PTS,0.01452,0.46194
FG,STL,GmSc,0.07918,0.44653
FG,BLK,TOV,-0.04323,0.47529
FG,BLK,PF,0.00691,0.46373
FG,BLK,PTS,0.00977,0.46306
FG,BLK,GmSc,0.07611,0.44728
FG,TOV,PF,-0.04971,0.47676
FG,TOV,PTS,-0.04975,0.47677
FG,TOV,GmSc,0.05358,0.45270
FG,PF,PTS,0.00051,0.46522
FG,PF,GmSc,0.08325,0.44555
FG,PTS,GmSc,0.08526,0.44506
FGA,FG%,3P,-0.00297,0.46603
FGA,FG%,3PA,-0.01447,0.46869
FGA,FG%,3P%,-0.00093,0.46555
FGA,FG%,FT,-0.00808,0.46721
FGA,FG%,FTA,-0.01112,0.46792
FGA,FG%,FT%,0.00424,0.46435
FGA,FG%,ORB,-0.00450,0.46638
FGA,FG%,DRB,0.05780,0.45169
FGA,FG%,TRB,0.05040,0.45346
FGA,FG%,AST,0.01877,0.46095
FGA,FG%,STL,0.03084,0.45810
FGA,FG%,BLK,0.01658,0.46146
FGA,FG%,TOV,-0.06641,0.48054
FGA,FG%,PF,-0.00150,0.46569
FGA,FG%,PTS,0.00155,0.46498
FGA,FG%,GmSc,0.05484,0.45240
FGA,3P,3PA,0.04138,0.45561
FGA,3P,3P%,0.00811,0.46345
FGA,3P,FT,0.01105,0.46276
FGA,3P,FTA,0.01085,0.46281
FGA,3P,FT%,0.01461,0.46192
FGA,3P,ORB,0.01488,0.46186
FGA,3P,DRB,0.08995,0.44391
FGA,3P,TRB,0.07784,0.44686
FGA,3P,AST,0.03082,0.45811
FGA,3P,STL,0.05519,0.45231
FGA,3P,BLK,0.04212,0.45543
FGA,3P,TOV,-0.03736,0.47395
FGA,3P,PF,0.01917,0.46085
FGA,3P,PTS,-0.00985,0.46762
FGA,3P,GmSc,0.03746,0.45654
FGA,3PA,3P%,0.00300,0.46464
FGA,3PA,FT,-0.02839,0.47190
FGA,3PA,FTA,-0.02491,0.47110
FGA,3PA,FT%,-0.01026,0.46772
FGA,3PA,ORB,-0.00980,0.46761
FGA,3PA,DRB,0.07047,0.44864
FGA,3PA,TRB,0.05140,0.45322
FGA,3PA,AST,0.00848,0.46336
FGA,3PA,STL,0.01700,0.46136
FGA,3PA,BLK,0.01397,0.46207
FGA,3PA,TOV,-0.05719,0.47846
FGA,3PA,PF,-0.00556,0.46663
FGA,3PA,PTS,-0.02752,0.47170
FGA,3PA,GmSc,0.02091,0.46044
FGA,3P%,FT,0.00262,0.46473
FGA,3P%,FTA,0.00393,0.46442
FGA,3P%,FT%,0.00963,0.46309
FGA,3P%,ORB,0.01109,0.46275
FGA,3P%,DRB,0.09052,0.44377
FGA,3P%,TRB,0.07513,0.44751
FGA,3P%,AST,0.02913,0.45851
FGA,3P%,STL,0.04711,0.45424
FGA,3P%,BLK,0.03698,0.45665
FGA,3P%,TOV,-0.04544,0.47579
FGA,3P%,PF,0.01542,0.46174
FGA,3P%,PTS,0.00777,0.46352
FGA,3P%,GmSc,0.05626,0.45206
FGA,FT,FTA,0.00076,0.46516
FGA,FT,FT%,-0.01070,0.46782
FGA,FT,ORB,-0.01184,0.46808
FGA,FT,DRB,0.06684,0.44951
FGA,FT,TRB,0.04866,0.45387
FGA,FT,AST,0.00687,0.46374
FGA,FT,STL,0.01623,0.46154
FGA,FT,BLK,0.01212,0.46251
FGA,FT,TOV,-0.06456,0.48012
FGA,FT,PF,-0.00655,0.46686
FGA,FT,PTS,0.00908,0.46322
FGA,FT,GmSc,0.05880,0.45145
FGA,FTA,FT%,-0.01010,0.46768
FGA,FTA,ORB,-0.00954,0.46755
FGA,FTA,DRB,0.06829,0.44917
FGA,FTA,TRB,0.05165,0.45316
FGA,FTA,AST,0.00993,0.46302
FGA,FTA,STL,0.02060,0.46052
FGA,FTA,BLK,0.01617,0.46156
FGA,FTA,TOV,-0.06266,0.47969
FGA,FTA,PF,-0.00482,0.46646
FGA,FTA,PTS,0.01554,0.46171
FGA,FTA,GmSc,0.06352,0.45032
FGA,FT%,ORB,-0.00254,0.46593
FGA,FT%,DRB,0.07739,0.44697
FGA,FT%,TRB,0.05992,0.45118
FGA,FT%,AST,0.01480,0.46188
FGA,FT%,STL,0.02821,0.45873
FGA,FT%,BLK,0.02273,0.46002
FGA,FT%,TOV,-0.04956,0.47673
FGA,FT%,PF,0.00071,0.46517
FGA,FT%,PTS,0.00907,0.46322
FGA,FT%,GmSc,0.05547,0.45225
FGA,ORB,DRB,0.07366,0.44787
FGA,ORB,TRB,0.07366,0.44787
FGA,ORB,AST,0.01674,0.46142
FGA,ORB,STL,0.03167,0.45791
FGA,ORB,BLK,0.02503,0.45948
FGA,ORB,TOV,-0.05102,0.47706
FGA,ORB,PF,0.00259,0.46473
FGA,ORB,PTS,0.00602,0.46393
FGA,ORB,GmSc,0.06013,0.45113
FGA,DRB,TRB,0.07366,0.44787
FGA,DRB,AST,0.06591,0.44974
FGA,DRB,STL,0.10927,0.43918
FGA,DRB,BLK,0.09436,0.44284
FGA,DRB,TOV,0.03825,0.45635
FGA,DRB,PF,0.07614,0.44727
FGA,DRB,PTS,0.07949,0.44646
FGA,DRB,GmSc,0.08681,0.44468
FGA,TRB,AST,0.05542,0.45226
FGA,TRB,STL,0.09155,0.44352
FGA,TRB,BLK,0.07823,0.44676
FGA,TRB,TOV,0.01837,0.46104
FGA,TRB,PF,0.06213,0.45065
FGA,TRB,PTS,0.06839,0.44914
FGA,TRB,GmSc,0.07451,0.44766
FGA,AST,STL,0.05120,0.45327
FGA,AST,BLK,0.04130,0.45563
FGA,AST,TOV,-0.02254,0.47055
FGA,AST,PF,0.02613,0.45922
FGA,AST,PTS,0.03134,0.45799
FGA,AST,GmSc,0.06504,0.44995
FGA,STL,BLK,0.05227,0.45301
FGA,STL,TOV,-0.01890,0.46971
FGA,STL,PF,0.03671,0.45671
FGA,STL,PTS,0.03713,0.45662
FGA,STL,GmSc,0.06326,0.45038
FGA,BLK,TOV,-0.03055,0.47239
FGA,BLK,PF,0.02753,0.45889
FGA,BLK,PTS,0.02694,0.45902
FGA,BLK,GmSc,0.05897,0.45141
FGA,TOV,PF,-0.04589,0.47589
FGA,TOV,PTS,-0.06085,0.47929
FGA,TOV,GmSc,0.02262,0.46004
FGA,PF,PTS,0.01265,0.46238
FGA,PF,GmSc,0.05956,0.45127
FGA,PTS,GmSc,0.08053,0.44621
FG%,3P,3PA,0.00428,0.46434
FG%,3P,3P%,-0.02238,0.47051
FG%,3P,FT,-0.02351,0.47078
FG%,3P,FTA,-0.02622,0.47140
FG%,3P,FT%,-0.00722,0.46701
FG%,3P,ORB,-0.01879,0.46969
FG%,3P,DRB,0.03454,0.45723
FG%,3P,TRB,0.02249,0.46007
FG%,3P,AST,0.00024,0.46528
FG%,3P,STL,0.00717,0.46367
FG%,3P,BLK,-0.00353,0.46616
FG%,3P,TOV,-0.07373,0.48219
FG%,3P,PF,-0.01444,0.46868
FG%,3P,PTS,-0.01726,0.46933
FG%,3P,GmSc,-0.03017,0.47230
FG%,3PA,3P%,-0.02021,0.47001
FG%,3PA,FT,-0.04169,0.47494
FG%,3PA,FTA,-0.04363,0.47538
FG%,3PA,FT%,-0.01504,0.46882
FG%,3PA,ORB,-0.02505,0.47113
FG%,3PA,DRB,0.03729,0.45658
FG%,3PA,TRB,0.02101,0.46042
FG%,3PA,AST,-0.00060,0.46548
FG%,3PA,STL,-0.00462,0.46641
FG%,3PA,BLK,-0.01031,0.46773
FG%,3PA,TOV,-0.08080,0.48377
FG%,3PA,PF,-0.02064,0.47011
FG%,3PA,PTS,-0.03544,0.47351
FG%,3PA,GmSc,-0.04851,0.47649
FG%,3P%,FT,-0.00958,0.46756
FG%,3P%,FTA,-0.01237,0.46820
FG%,3P%,FT%,0.00134,0.46502
FG%,3P%,ORB,-0.00811,0.46722
FG%,3P%,DRB,0.04656,0.45437
FG%,3P%,TRB,0.03464,0.45720
FG%,3P%,AST,0.01139,0.46268
FG%,3P%,STL,0.01920,0.46085
FG%,3P%,BLK,0.00726,0.46364
FG%,3P%,TOV,-0.06644,0.48055
FG%,3P%,PF,-0.00544,0.46660
FG%,3P%,PTS,-0.00674,0.46690
FG%,3P%,GmSc,0.00537,0.46409
FG%,FT,FTA,0.00199,0.46487
FG%,FT,FT%,-0.00388,0.46624
FG%,FT,ORB,-0.01063,0.46780
FG%,FT,DRB,0.04477,0.45480
FG%,FT,TRB,0.03076,0.45812
FG%,FT,AST,0.00760,0.46356
FG%,FT,STL,0.01073,0.46283
FG%,FT,BLK,0.00291,0.46466
FG%,FT,TOV,-0.07124,0.48163
FG%,FT,PF,-0.00713,0.46699
FG%,FT,PTS,-0.01519,0.46886
FG%,FT,GmSc,0.00804,0.46346
FG%,FTA,FT%,-0.00418,0.46631
FG%,FTA,ORB,-0.01355,0.46848
FG%,FTA,DRB,0.04142,0.45560
FG%,FTA,TRB,0.02868,0.45862
FG%,FTA,AST,0.00536,0.46409
FG%,FTA,STL,0.01010,0.46298
FG%,FTA,BLK,0.00131,0.46503
FG%,FTA,TOV,-0.07472,0.48241
FG%,FTA,PF,-0.01049,0.46777
FG%,FTA,PTS,-0.01786,0.46947
FG%,FTA,GmSc,0.01106,0.46276
FG%,FT%,ORB,0.00016,0.46530
FG%,FT%,DRB,0.05932,0.45132
FG%,FT%,TRB,0.04612,0.45448
FG%,FT%,AST,0.01845,0.46102
FG%,FT%,STL,0.02417,0.45968
FG%,FT%,BLK,0.01569,0.46167
FG%,FT%,TOV,-0.05565,0.47811
FG%,FT%,PF,0.00136,0.46502
FG%,FT%,PTS,0.00111,0.46508
FG%,FT%,GmSc,0.01376,0.46212
FG%,ORB,DRB,0.04446,0.45487
FG%,ORB,TRB,0.04446,0.45487
FG%,ORB,AST,0.00897,0.46324
FG%,ORB,STL,0.01764,0.46121
FG%,ORB,BLK,0.00669,0.46378
FG%,ORB,TOV,-0.06742,0.48077
FG%,ORB,PF,-0.00725,0.46702
FG%,ORB,PTS,-0.00904,0.46743
FG%,ORB,GmSc,0.01324,0.46225
FG%,DRB,TRB,0.04446,0.45487
FG%,DRB,AST,0.04017,0.45590
FG%,DRB,STL,0.07141,0.44841
FG%,DRB,BLK,0.05555,0.45223
FG%,DRB,TOV,-0.00019,0.46538
FG%,DRB,PF,0.04546,0.45464
FG%,DRB,PTS,0.04660,0.45437
FG%,DRB,GmSc,0.04190,0.45548
FG%,TRB,AST,0.03316,0.45756
FG%,TRB,STL,0.05747,0.45177
FG%,TRB,BLK,0.04310,0.45520
FG%,TRB,TOV,-0.01542,0.46891
FG%,TRB,PF,0.03536,0.45704
FG%,TRB,PTS,0.03663,0.45673
FG%,TRB,GmSc,0.02475,0.45954
FG%,AST,STL,0.03674,0.45671
FG%,AST,BLK,0.02464,0.45957
FG%,AST,TOV,-0.03790,0.47407
FG%,AST,PF,0.01719,0.46132
FG%,AST,PTS,0.00980,0.46305
FG%,AST,GmSc,0.01843,0.46103
FG%,STL,BLK,0.02820,0.45873
FG%,STL,TOV,-0.04003,0.47456
FG%,STL,PF,0.02115,0.46039
FG%,STL,PTS,0.01986,0.46069
FG%,STL,GmSc,0.01721,0.46131
FG%,BLK,TOV,-0.05690,0.47839
FG%,BLK,PF,0.00794,0.46349
FG%,BLK,PTS,0.00788,0.46350
FG%,BLK,GmSc,0.01256,0.46240
FG%,TOV,PF,-0.06300,0.47977
FG%,TOV,PTS,-0.06762,0.48081
FG%,TOV,GmSc,-0.03839,0.47418
FG%,PF,PTS,-0.00711,0.46699
FG%,PF,GmSc,0.01290,0.46232
FG%,PTS,GmSc,0.07264,0.44812
3P,3PA,3P%,0.04116,0.45566
3P,3PA,FT,0.01530,0.46176
3P,3PA,FTA,0.01732,0.46129
3P,3PA,FT%,0.03703,0.45664
3P,3PA,ORB,0.04061,0.45579
3P,3PA,DRB,0.13674,0.43235
3P,3PA,TRB,0.10580,0.44003
3P,3PA,AST,0.06535,0.44987
3P,3PA,STL,0.05289,0.45286
3P,3PA,BLK,0.05610,0.45209
3P,3PA,TOV,-0.01979,0.46992
3P,3PA,PF,0.04161,0.45555
3P,3PA,PTS,-0.01573,0.46898
3P,3PA,GmSc,-0.02994,0.47225
3P,3P%,FT,-0.00767,0.46712
3P,3P%,FTA,-0.00542,0.46660
3P,3P%,FT%,0.00268,0.46471
3P,3P%,ORB,0.00289,0.46466
3P,3P%,DRB,0.07383,0.44783
3P,3P%,TRB,0.05194,0.45309
3P,3P%,AST,0.01327,0.46224
3P,3P%,STL,0.02527,0.45942
3P,3P%,BLK,0.02161,0.46028
3P,3P%,TOV,-0.04738,0.47623
3P,3P%,PF,0.00775,0.46353
3P,3P%,PTS,-0.03283,0.47291
3P,3P%,GmSc,-0.03690,0.47384
3P,FT,FTA,0.02074,0.46049
3P,FT,FT%,0.01098,0.46277
3P,FT,ORB,0.01029,0.46294
3P,FT,DRB,0.07631,0.44723
3P,FT,TRB,0.05498,0.45236
3P,FT,AST,0.01977,0.46071
3P,FT,STL,0.03269,0.45767
3P,FT,BLK,0.02793,0.45879
3P,FT,TOV,-0.03522,0.47346
3P,FT,PF,0.01628,0.46153
3P,FT,PTS,-0.01596,0.46903
3P,FT,GmSc,-0.02451,0.47101
3P,FTA,FT%,0.01113,0.46274
3P,FTA,ORB,0.00975,0.46306
3P,FTA,DRB,0.07586,0.44734
3P,FTA,TRB,0.05639,0.45203
3P,FTA,AST,0.02058,0.46052
3P,FTA,STL,0.03539,0.45703
3P,FTA,BLK,0.02988,0.45833
3P,FTA,TOV,-0.03516,0.47345
3P,FTA,PF,0.01522,0.46178
3P,FTA,PTS,-0.01939,0.46983
3P,FTA,GmSc,-0.01266,0.46827
3P,FT%,ORB,0.01463,0.46192
3P,FT%,DRB,0.08460,0.44522
3P,FT%,TRB,0.06389,0.45023
3P,FT%,AST,0.02326,0.45989
3P,FT%,STL,0.03914,0.45614
3P,FT%,BLK,0.03382,0.45740
3P,FT%,TOV,-0.02757,0.47171
3P,FT%,PF,0.01725,0.46131
3P,FT%,PTS,-0.00630,0.46680
3P,FT%,GmSc,-0.01437,0.46867
3P,ORB,DRB,0.07687,0.44709
3P,ORB,TRB,0.07687,0.44709
3P,ORB,AST,0.02202,0.46018
3P,ORB,STL,0.04143,0.45560
3P,ORB,BLK,0.03465,0.45720
3P,ORB,TOV,-0.03024,0.47232
3P,ORB,PF,0.01674,0.46143
3P,ORB,PTS,-0.01459,0.46872
3P,ORB,GmSc,-0.01032,0.46773
3P,DRB,TRB,0.07687,0.44709
3P,DRB,AST,0.06365,0.45028
3P,DRB,STL,0.10515,0.44019
3P,DRB,BLK,0.09310,0.44315
3P,DRB,TOV,0.04959,0.45365
3P,DRB,PF,0.08140,0.44599
3P,DRB,PTS,0.04771,0.45410
3P,DRB,GmSc,0.00852,0.46335
3P,TRB,AST,0.04947,0.45368
3P,TRB,STL,0.08355,0.44547
3P,TRB,BLK,0.07359,0.44789
3P,TRB,TOV,0.02675,0.45907
3P,TRB,PF,0.06472,0.45003
3P,TRB,PTS,0.02570,0.45932
3P,TRB,GmSc,-0.01775,0.46945
3P,AST,STL,0.05147,0.45320
3P,AST,BLK,0.04254,0.45533
3P,AST,TOV,-0.01018,0.46770
3P,AST,PF,0.03449,0.45724
3P,AST,PTS,-0.00651,0.46685
3P,AST,GmSc,-0.00058,0.46547
3P,STL,BLK,0.05509,0.45234
3P,STL,TOV,-0.00307,0.46605
3P,STL,PF,0.04683,0.45431
3P,STL,PTS,0.00629,0.46387
3P,STL,GmSc,-0.01503,0.46882
3P,BLK,TOV,-0.01523,0.46887
3P,BLK,PF,0.03716,0.45661
3P,BLK,PTS,0.00157,0.46497
3P,BLK,GmSc,-0.01631,0.46912
3P,TOV,PF,-0.02510,0.47114
3P,TOV,PTS,-0.05603,0.47819
3P,TOV,GmSc,-0.03602,0.47364
3P,PF,PTS,-0.00860,0.46733
3P,PF,GmSc,-0.00655,0.46686
3P,PTS,GmSc,0.08101,0.44609
3PA,3P%,FT,-0.02229,0.47049
3PA,3P%,FTA,-0.01856,0.46963
3PA,3P%,FT%,-0.00071,0.46550
3PA,3P%,ORB,0.00227,0.46481
3PA,3P%,DRB,0.08538,0.44503
3PA,3P%,TRB,0.05760,0.45174
3PA,3P%,AST,0.01978,0.46071
3PA,3P%,STL,0.01656,0.46147
3PA,3P%,BLK,0.01841,0.46103
3PA,3P%,TOV,-0.05255,0.47741
3PA,3P%,PF,0.00489,0.46420
3PA,3P%,PTS,-0.05058,0.47696
3PA,3P%,GmSc,-0.04658,0.47605
3PA,FT,FTA,-0.01407,0.46860
3PA,FT,FT%,-0.02859,0.47194
3PA,FT,ORB,-0.03050,0.47238
3PA,FT,DRB,0.04519,0.45470
3PA,FT,TRB,0.01750,0.46125
3PA,FT,AST,-0.01879,0.46969
3PA,FT,STL,-0.01984,0.46993
3PA,FT,BLK,-0.01547,0.46892
3PA,FT,TOV,-0.07727,0.48298
3PA,FT,PF,-0.02711,0.47160
3PA,FT,PTS,-0.06916,0.48116
3PA,FT,GmSc,-0.03831,0.47417
3PA,FTA,FT%,-0.02615,0.47138
3PA,FTA,ORB,-0.02640,0.47144
3PA,FTA,DRB,0.05086,0.45335
3PA,FTA,TRB,0.02461,0.45957
3PA,FTA,AST,-0.01231,0.46819
3PA,FTA,STL,-0.01323,0.46840
3PA,FTA,BLK,-0.00858,0.46733
3PA,FTA,TOV,-0.07347,0.48213
3PA,FTA,PF,-0.02334,0.47073
3PA,FTA,PTS,-0.05921,0.47891
3PA,FTA,GmSc,-0.02426,0.47095
3PA,FT%,ORB,-0.01127,0.46795
3PA,FT%,DRB,0.06672,0.44954
3PA,FT%,TRB,0.04020,0.45589
3PA,FT%,AST,0.00284,0.46467
3PA,FT%,STL,0.00256,0.46474
3PA,FT%,BLK,0.00520,0.46413
3PA,FT%,TOV,-0.05525,0.47802
3PA,FT%,PF,-0.00952,0.46755
3PA,FT%,PTS,-0.06186,0.47951
3PA,FT%,GmSc,-0.05536,0.47804
3PA,ORB,DRB,0.06415,0.45016
3PA,ORB,TRB,0.06415,0.45016
3PA,ORB,AST,0.00497,0.46418
3PA,ORB,STL,0.00702,0.46370
3PA,ORB,BLK,0.00916,0.46320
3PA,ORB,TOV,-0.05527,0.47802
3PA,ORB,PF,-0.00769,0.46712
3PA,ORB,PTS,-0.06096,0.47931
3PA,ORB,GmSc,-0.03242,0.47282
3PA,DRB,TRB,0.06415,0.45016
3PA,DRB,AST,0.05224,0.45302
3PA,DRB,STL,0.07890,0.44660
3PA,DRB,BLK,0.07561,0.44740
3PA,DRB,TOV,0.03131,0.45799
3PA,DRB,PF,0.06566,0.44980
3PA,DRB,PTS,0.00562,0.46403
3PA,DRB,GmSc,-0.01411,0.46861
3PA,TRB,AST,0.03381,0.45740
3PA,TRB,STL,0.05130,0.45324
3PA,TRB,BLK,0.04992,0.45357
3PA,TRB,TOV,0.00271,0.46471
3PA,TRB,PF,0.04277,0.45528
3PA,TRB,PTS,-0.02508,0.47113
3PA,TRB,GmSc,-0.04371,0.47540
3PA,AST,STL,0.02117,0.46038
3PA,AST,BLK,0.02186,0.46022
3PA,AST,TOV,-0.03124,0.47255
3PA,AST,PF,0.01450,0.46195
3PA,AST,PTS,-0.05744,0.47851
3PA,AST,GmSc,-0.03063,0.47241
3PA,STL,BLK,0.01713,0.46133
3PA,STL,TOV,-0.03948,0.47443
3PA,STL,PF,0.01036,0.46292
3PA,STL,PTS,-0.06129,0.47938
3PA,STL,GmSc,-0.05164,0.47720
3PA,BLK,TOV,-0.04286,0.47520
3PA,BLK,PF,0.00970,0.46307
3PA,BLK,PTS,-0.05702,0.47842
3PA,BLK,GmSc,-0.05117,0.47709
3PA,TOV,PF,-0.05224,0.47734
3PA,TOV,PTS,-0.11089,0.49046
3PA,TOV,GmSc,-0.06999,0.48134
3PA,PF,PTS,-0.06051,0.47921
3PA,PF,GmSc,-0.04152,0.47490
3PA,PTS,GmSc,0.04960,0.45365
3P%,FT,FTA,0.02082,0.46047
3P%,FT,FT%,0.01226,0.46247
3P%,FT,ORB,0.01398,0.46207
3P%,FT,DRB,0.08481,0.44517
3P%,FT,TRB,0.06175,0.45074
3P%,FT,AST,0.02461,0.45957
3P%,FT,STL,0.03555,0.45699
3P%,FT,BLK,0.03091,0.45809
3P%,FT,TOV,-0.03972,0.47449
3P%,FT,PF,0.01804,0.46112
3P%,FT,PTS,0.00852,0.46335
3P%,FT,GmSc,0.01674,0.46143
3P%,FTA,FT%,0.01227,0.46247
3P%,FTA,ORB,0.01360,0.46216
3P%,FTA,DRB,0.08421,0.44531
3P%,FTA,TRB,0.06303,0.45043
3P%,FTA,AST,0.02543,0.45938
3P%,FTA,STL,0.03831,0.45634
3P%,FTA,BLK,0.03285,0.45763
3P%,FTA,TOV,-0.03932,0.47440
3P%,FTA,PF,0.01752,0.46124
3P%,FTA,PTS,0.00671,0.46377
3P%,FTA,GmSc,0.01977,0.46071
3P%,FT%,ORB,0.01674,0.46143
3P%,FT%,DRB,0.09138,0.44357
3P%,FT%,TRB,0.06907,0.44898
3P%,FT%,AST,0.02645,0.45914
3P%,FT%,STL,0.04087,0.45573
3P%,FT%,BLK,0.03548,0.45701
3P%,FT%,TOV,-0.03232,0.47280
3P%,FT%,PF,0.01812,0.46110
3P%,FT%,PTS,0.01132,0.46269
3P%,FT%,GmSc,0.02837,0.45869
3P%,ORB,DRB,0.08601,0.44488
3P%,ORB,TRB,0.08601,0.44488
3P%,ORB,AST,0.02747,0.45890
3P%,ORB,STL,0.04562,0.45460
3P%,ORB,BLK,0.03863,0.45626
3P%,ORB,TOV,-0.03286,0.47292
3P%,ORB,PF,0.01989,0.46068
3P%,ORB,PTS,0.00904,0.46323
3P%,ORB,GmSc,0.02862,0.45863
3P%,DRB,TRB,0.08601,0.44488
3P%,DRB,AST,0.07159,0.44837
3P%,DRB,STL,0.11413,0.43798
3P%,DRB,BLK,0.10139,0.44112
3P%,DRB,TOV,0.05189,0.45310
3P%,DRB,PF,0.08912,0.44412
3P%,DRB,PTS,0.07379,0.44784
3P%,DRB,GmSc,0.05344,0.45273
3P%,TRB,AST,0.05651,0.45200
3P%,TRB,STL,0.09083,0.44370
3P%,TRB,BLK,0.08039,0.44624
3P%,TRB,TOV,0.02728,0.45894
3P%,TRB,PF,0.07089,0.44854
3P%,TRB,PTS,0.05207,0.45306
3P%,TRB,GmSc,0.02931,0.45847
3P%,AST,STL,0.05694,0.45189
3P%,AST,BLK,0.04747,0.45416
3P%,AST,TOV,-0.01202,0.46812
3P%,AST,PF,0.03878,0.45622
3P%,AST,PTS,0.01895,0.46091
3P%,AST,GmSc,0.03588,0.45691
3P%,STL,BLK,0.05845,0.45153
3P%,STL,TOV,-0.00704,0.46697
3P%,STL,PF,0.04926,0.45373
3P%,STL,PTS,0.03107,0.45805
3P%,STL,GmSc,0.02984,0.45834
3P%,BLK,TOV,-0.01858,0.46964
3P%,BLK,PF,0.03972,0.45600
3P%,BLK,PTS,0.02499,0.45948
3P%,BLK,GmSc,0.02684,0.45905
3P%,TOV,PF,-0.02862,0.47195
3P%,TOV,PTS,-0.04060,0.47469
3P%,TOV,GmSc,-0.00572,0.46666
3P%,PF,PTS,0.01278,0.46235
3P%,PF,GmSc,0.03137,0.45798
3P%,PTS,GmSc,0.08995,0.44392
FT,FTA,FT%,0.00867,0.46331
FT,FTA,ORB,0.00953,0.46311
FT,FTA,DRB,0.08202,0.44585
FT,FTA,TRB,0.06023,0.45110
FT,FTA,AST,0.01940,0.46080
FT,FTA,STL,0.02956,0.45841
FT,FTA,BLK,0.02789,0.45880
FT,FTA,TOV,-0.03560,0.47355
FT,FTA,PF,0.01032,0.46293
FT,FTA,PTS,0.00710,0.46368
FT,FTA,GmSc,0.02624,0.45919
FT,FT%,ORB,-0.00031,0.46541
FT,FT%,DRB,0.07163,0.44836
FT,FT%,TRB,0.04887,0.45382
FT,FT%,AST,0.01024,0.46295
FT,FT%,STL,0.01937,0.46081
FT,FT%,BLK,0.01769,0.46120
FT,FT%,TOV,-0.04571,0.47585
FT,FT%,PF,0.00152,0.46498
FT,FT%,PTS,-0.00035,0.46542
FT,FT%,GmSc,0.02487,0.45951
FT,ORB,DRB,0.06664,0.44956
FT,ORB,TRB,0.06664,0.44956
FT,ORB,AST,0.00966,0.46308
FT,ORB,STL,0.02145,0.46032
FT,ORB,BLK,0.01903,0.46089
FT,ORB,TOV,-0.04663,0.47606
FT,ORB,PF,0.00281,0.46468
FT,ORB,PTS,-0.00274,0.46597
FT,ORB,GmSc,0.01888,0.46092
FT,DRB,TRB,0.06664,0.44956
FT,DRB,AST,0.05166,0.45316
FT,DRB,STL,0.08791,0.44441
FT,DRB,BLK,0.08000,0.44633
FT,DRB,TOV,0.03608,0.45686
FT,DRB,PF,0.07029,0.44868
FT,DRB,PTS,0.05748,0.45176
FT,DRB,GmSc,0.04202,0.45545
FT,TRB,AST,0.03475,0.45718
FT,TRB,STL,0.06314,0.45041
FT,TRB,BLK,0.05741,0.45178
FT,TRB,TOV,0.00932,0.46316
FT,TRB,PF,0.04976,0.45361
FT,TRB,PTS,0.03546,0.45701
FT,TRB,GmSc,0.02031,0.46059
FT,AST,STL,0.03222,0.45778
FT,AST,BLK,0.02674,0.45907
FT,AST,TOV,-0.02584,0.47131
FT,AST,PF,0.02187,0.46022
FT,AST,PTS,0.00680,0.46375
FT,AST,GmSc,0.02918,0.45850
FT,STL,BLK,0.03343,0.45749
FT,STL,TOV,-0.02738,0.47166
FT,STL,PF,0.02499,0.45948
FT,STL,PTS,0.01476,0.46189
FT,STL,GmSc,0.02248,0.46008
FT,BLK,TOV,-0.03397,0.47317
FT,BLK,PF,0.02015,0.46062
FT,BLK,PTS,0.01140,0.46268
FT,BLK,GmSc,0.02022,0.46061
FT,TOV,PF,-0.04250,0.47512
FT,TOV,PTS,-0.04899,0.47660
FT,TOV,GmSc,-0.00834,0.46727
FT,PF,PTS,0.00134,0.46502
FT,PF,GmSc,0.02332,0.45988
FT,PTS,GmSc,0.08799,0.44439
FTA,FT%,ORB,0.00016,0.46530
FTA,FT%,DRB,0.07270,0.44810
FTA,FT%,TRB,0.05055,0.45342
FTA,FT%,AST,0.01113,0.46274
FTA,FT%,STL,0.02114,0.46039
FTA,FT%,BLK,0.01929,0.46083
FTA,FT%,TOV,-0.04467,0.47561
FTA,FT%,PF,0.00160,0.46496
FTA,FT%,PTS,0.00074,0.46516
FTA,FT%,GmSc,0.02504,0.45947
FTA,ORB,DRB,0.06672,0.44954
FTA,ORB,TRB,0.06672,0.44954
FTA,ORB,AST,0.01124,0.46271
FTA,ORB,STL,0.02469,0.45956
FTA,ORB,BLK,0.02163,0.46028
FTA,ORB,TOV,-0.04577,0.47587
FTA,ORB,PF,0.00293,0.46465
FTA,ORB,PTS,-0.00340,0.46613
FTA,ORB,GmSc,0.02196,0.46020
FTA,DRB,TRB,0.06672,0.44954
FTA,DRB,AST,0.05396,0.45261
FTA,DRB,STL,0.09175,0.44347
FTA,DRB,BLK,0.08273,0.44567
FTA,DRB,TOV,0.03719,0.45660
FTA,DRB,PF,0.07005,0.44874
FTA,DRB,PTS,0.05592,0.45214
FTA,DRB,GmSc,0.04626,0.45444
FTA,TRB,AST,0.03847,0.45630
FTA,TRB,STL,0.06856,0.44910
FTA,TRB,BLK,0.06184,0.45072
FTA,TRB,TOV,0.01229,0.46247
FTA,TRB,PF,0.05130,0.45324
FTA,TRB,PTS,0.03587,0.45691
FTA,TRB,GmSc,0.02575,0.45931
FTA,AST,STL,0.03701,0.45664
FTA,AST,BLK,0.03112,0.45804
FTA,AST,TOV,-0.02358,0.47079
FTA,AST,PF,0.02291,0.45997
FTA,AST,PTS,0.00589,0.46396
FTA,AST,GmSc,0.03115,0.45803
FTA,STL,BLK,0.03884,0.45621
FTA,STL,TOV,-0.02351,0.47077
FTA,STL,PF,0.02804,0.45877
FTA,STL,PTS,0.01691,0.46139
FTA,STL,GmSc,0.02524,0.45943
FTA,BLK,TOV,-0.03085,0.47246
FTA,BLK,PF,0.02255,0.46006
FTA,BLK,PTS,0.01229,0.46247
FTA,BLK,GmSc,0.02354,0.45983
FTA,TOV,PF,-0.04165,0.47493
FTA,TOV,PTS,-0.04728,0.47621
FTA,TOV,GmSc,-0.00403,0.46627
FTA,PF,PTS,-0.00010,0.46536
FTA,PF,GmSc,0.02502,0.45948
FTA,PTS,GmSc,0.08844,0.44428
FT%,ORB,DRB,0.07569,0.44738
FT%,ORB,TRB,0.07569,0.44738
FT%,ORB,AST,0.01474,0.46189
FT%,ORB,STL,0.02881,0.45858
FT%,ORB,BLK,0.02590,0.45927
FT%,ORB,TOV,-0.03731,0.47394
FT%,ORB,PF,0.00593,0.46395
FT%,ORB,PTS,0.00281,0.46468
FT%,ORB,GmSc,0.03215,0.45779
FT%,DRB,TRB,0.07569,0.44738
FT%,DRB,AST,0.06021,0.45111
FT%,DRB,STL,0.09818,0.44190
FT%,DRB,BLK,0.08980,0.44395
FT%,DRB,TOV,0.04859,0.45389
FT%,DRB,PF,0.07628,0.44724
FT%,DRB,PTS,0.06680,0.44953
FT%,DRB,GmSc,0.05776,0.45170
FT%,TRB,AST,0.04406,0.45497
FT%,TRB,STL,0.07389,0.44782
FT%,TRB,BLK,0.06743,0.44937
FT%,TRB,TOV,0.02251,0.46007
FT%,TRB,PF,0.05654,0.45199
FT%,TRB,PTS,0.04353,0.45510
FT%,TRB,GmSc,0.03332,0.45752
FT%,AST,STL,0.03910,0.45615
FT%,AST,BLK,0.03329,0.45753
FT%,AST,TOV,-0.01674,0.46921
FT%,AST,PF,0.02361,0.45981
FT%,AST,PTS,0.01066,0.46285
FT%,AST,GmSc,0.03742,0.45655
FT%,STL,BLK,0.04164,0.45554
FT%,STL,TOV,-0.01577,0.46899
FT%,STL,PF,0.03048,0.45819
FT%,STL,PTS,0.01829,0.46106
FT%,STL,GmSc,0.03146,0.45796
FT%,BLK,TOV,-0.02326,0.47072
FT%,BLK,PF,0.02501,0.45948
FT%,BLK,PTS,0.01592,0.46162
FT%,BLK,GmSc,0.02926,0.45848
FT%,TOV,PF,-0.03499,0.47341
FT%,TOV,PTS,-0.04240,0.47510
FT%,TOV,GmSc,-0.00317,0.46607
FT%,PF,PTS,0.00440,0.46431
FT%,PF,GmSc,0.03325,0.45753
FT%,PTS,GmSc,0.08799,0.44439
ORB,DRB,TRB,0.06795,0.44925
ORB,DRB,AST,0.05591,0.45214
ORB,DRB,STL,0.09691,0.44221
ORB,DRB,BLK,0.08642,0.44477
ORB,DRB,TOV,0.04143,0.45559
ORB,DRB,PF,0.07127,0.44845
ORB,DRB,PTS,0.05756,0.45175
ORB,DRB,GmSc,0.05510,0.45233
ORB,TRB,AST,0.05591,0.45214
ORB,TRB,STL,0.09691,0.44221
ORB,TRB,BLK,0.08642,0.44477
ORB,TRB,TOV,0.04143,0.45559
ORB,TRB,PF,0.07127,0.44845
ORB,TRB,PTS,0.05756,0.45175
ORB,TRB,GmSc,0.05510,0.45233
ORB,AST,STL,0.04302,0.45522
ORB,AST,BLK,0.03596,0.45689
ORB,AST,TOV,-0.01799,0.46950
ORB,AST,PF,0.02466,0.45956
ORB,AST,PTS,0.00613,0.46391
ORB,AST,GmSc,0.03584,0.45692
ORB,STL,BLK,0.04765,0.45411
ORB,STL,TOV,-0.01275,0.46829
ORB,STL,PF,0.03511,0.45709
ORB,STL,PTS,0.01927,0.46083
ORB,STL,GmSc,0.03374,0.45742
ORB,BLK,TOV,-0.02224,0.47048
ORB,BLK,PF,0.02816,0.45874
ORB,BLK,PTS,0.01543,0.46173
ORB,BLK,GmSc,0.03135,0.45798
ORB,TOV,PF,-0.03544,0.47351
ORB,TOV,PTS,-0.04504,0.47570
ORB,TOV,GmSc,0.00039,0.46524
ORB,PF,PTS,0.00197,0.46488
ORB,PF,GmSc,0.03345,0.45749
ORB,PTS,GmSc,0.09559,0.44254
DRB,TRB,AST,0.05591,0.45214
DRB,TRB,STL,0.09691,0.44221
DRB,TRB,BLK,0.08642,0.44477
DRB,TRB,TOV,0.04143,0.45559
DRB,TRB,PF,0.07127,0.44845
DRB,TRB,PTS,0.05756,0.45175
DRB,TRB,GmSc,0.05510,0.45233
DRB,AST,STL,0.08323,0.44555
DRB,AST,BLK,0.07298,0.44804
DRB,AST,TOV,0.03534,0.45704
DRB,AST,PF,0.06667,0.44956
DRB,AST,PTS,0.04206,0.45545
DRB,AST,GmSc,0.05047,0.45344
DRB,STL,BLK,0.10625,0.43992
DRB,STL,TOV,0.06759,0.44934
DRB,STL,PF,0.10007,0.44144
DRB,STL,PTS,0.07860,0.44668
DRB,STL,GmSc,0.05704,0.45187
DRB,BLK,TOV,0.05141,0.45322
DRB,BLK,PF,0.08739,0.44454
DRB,BLK,PTS,0.06995,0.44877
DRB,BLK,GmSc,0.05308,0.45282
DRB,TOV,PF,0.04441,0.45489
DRB,TOV,PTS,0.02854,0.45865
DRB,TOV,GmSc,0.03127,0.45800
DRB,PF,PTS,0.06127,0.45086
DRB,PF,GmSc,0.05875,0.45146
DRB,PTS,GmSc,0.08988,0.44393
TRB,AST,STL,0.06647,0.44960
TRB,AST,BLK,0.05789,0.45167
TRB,AST,TOV,0.01741,0.46127
TRB,AST,PF,0.05367,0.45268
TRB,AST,PTS,0.02509,0.45946
TRB,AST,GmSc,0.03069,0.45814
TRB,STL,BLK,0.08319,0.44556
TRB,STL,TOV,0.04005,0.45592
TRB,STL,PF,0.07938,0.44649
TRB,STL,PTS,0.05461,0.45245
TRB,STL,GmSc,0.03282,0.45764
TRB,BLK,TOV,0.02675,0.45907
TRB,BLK,PF,0.06885,0.44903
TRB,BLK,PTS,0.04787,0.45406
TRB,BLK,GmSc,0.02963,0.45839
TRB,TOV,PF,0.02225,0.46013
TRB,TOV,PTS,0.00238,0.46478
TRB,TOV,GmSc,0.00596,0.46395
TRB,PF,PTS,0.04162,0.45555
TRB,PF,GmSc,0.03658,0.45675
TRB,PTS,GmSc,0.07339,0.44793
AST,STL,BLK,0.05720,0.45183
AST,STL,TOV,0.00906,0.46322
AST,STL,PF,0.05466,0.45244
AST,STL,PTS,0.02779,0.45882
AST,STL,GmSc,0.03971,0.45600
AST,BLK,TOV,-0.00289,0.46601
AST,BLK,PF,0.04474,0.45481
AST,BLK,PTS,0.02154,0.46030
AST,BLK,GmSc,0.03552,0.45700
AST,TOV,PF,-0.00866,0.46735
AST,TOV,PTS,-0.02638,0.47143
AST,TOV,GmSc,0.00601,0.46394
AST,PF,PTS,0.01995,0.46067
AST,PF,GmSc,0.04320,0.45517
AST,PTS,GmSc,0.08278,0.44566
STL,BLK,TOV,-0.00506,0.46651
STL,BLK,PF,0.04866,0.45387
STL,BLK,PTS,0.02860,0.45863
STL,BLK,GmSc,0.03031,0.45823
STL,TOV,PF,-0.00939,0.46752
STL,TOV,PTS,-0.02840,0.47190
STL,TOV,GmSc,-0.00083,0.46553
STL,PF,PTS,0.02262,0.46004
STL,PF,GmSc,0.03583,0.45692
STL,PTS,GmSc,0.07989,0.44636
BLK,TOV,PF,-0.02027,0.47003
BLK,TOV,PTS,-0.03636,0.47372
BLK,TOV,GmSc,-0.00474,0.46644
BLK,PF,PTS,0.01646,0.46149
BLK,PF,GmSc,0.03214,0.45780
BLK,PTS,GmSc,0.08505,0.44511
TOV,PF,PTS,-0.04052,0.47467
TOV,PF,GmSc,0.00146,0.46500
TOV,PTS,GmSc,0.08638,0.44478
PF,PTS,GmSc,0.08857,0.44425